{"cameraMode":{"drawMode":0,"name":"Shaded","section":"Shading Mode"},"sceneLighting":true,"audioPlay":false,"sceneViewState":{"m_AlwaysRefresh":false,"showFog":true,"showSkybox":true,"showFlares":true,"showImageEffects":true,"showParticleSystems":true,"showVisualEffectGraphs":true,"m_FxEnabled":false},"in2DMode":false,"pivot":{"x":385.45654296875,"y":222.6590576171875,"z":-0.45878928899765017},"rotation":{"x":-0.001809585141018033,"y":0.0005973653169348836,"z":-9.461812169320183e-7,"w":-1.0000001192092896},"size":250.50082397460938,"orthographic":false}